recipe,keywords,pinterest_url,visit_site_url
Cherry Blossom Cookies,cherry blossom, cookies, soft, buttery, cherry flavor, chocolate kiss, spring parties, christmas, bridal showers, pink, elegant,https://www.pinterest.com/pin/99571841761719960/,
Heaven on Earth Cake,angel food cake, cherry desserts, pudding, easy dessert, cake lovers,https://www.pinterest.com/pin/115334440459315216/,
Strawberry Kiss Cookies,strawberry, kiss cookies, valentine's day, baking, festive, chocolate, dessert, crowd-pleasing,https://www.pinterest.com/pin/115334440459313425/,
Valentine Hearts Fudge,fudge, valentine, hearts, chocolate, gift, dessert, diy,https://www.pinterest.com/pin/115334440459313423/,
No Bake Peanut Butter Pie,peanut butter, pie, no bake, creamy, dessert,https://www.pinterest.com/pin/265430971783567278/,
No Bake Peanut Butter Pie,peanut butter, pie, no bake, creamy, dessert,https://www.pinterest.com/pin/115334440459313345/,
Reese’s Peanut Butter Cup Pie,peanut butter, pie, dessert, creamy, holidays, parties,https://www.pinterest.com/pin/115334440459310166/,
Chocolate Covered Strawberry Brownies,chocolate, strawberry, brownies, ganache, valentine's day, date night, fudgy, dessert, sweet craving,https://www.pinterest.com/pin/115334440459310165/,
Deviled Strawberries,cheesecake filling, bite-sized dessert, parties, holidays, snack, no-bake, strawberry desserts,https://www.pinterest.com/pin/115334440459310168/,
Cherry Blossom Cookies,cherry blossom, cookies, buttery, cherry flavor, chocolate kiss, spring parties, christmas, bridal showers, pink, elegant,https://www.pinterest.com/pin/115334440459310164/,
Heaven on Earth Cake,angel food cake, cherry desserts, pudding, easy dessert, cake lovers,https://www.pinterest.com/pin/115334440459310161/,
Valentine’s Day Oreo Truffles,oreo truffles, valentinesday, no bake, easyrecipes, valentinestreats,https://www.pinterest.com/pin/115334440459307207/,
Butterfinger Balls,no-bake, chocolate-coated, candy bites, peanut butter, holiday trays,https://www.pinterest.com/pin/115334440459304224/,
Mini Donut Hot Buttered Cheerios,cinnamon sugar, snack, cheerios, mini donuts, stovetop,https://www.pinterest.com/pin/115334440459301030/,
Cherry Cupcakes,cupcakes, cherry, pink frosting, dessert,https://www.pinterest.com/pin/115334440459294234/,
Valentine Cookie Cups,valentine, cookie cups, sugar cookie mix, festive, dessert,https://www.pinterest.com/pin/115334440459294046/,
Peanut Butter Fluff,creamy, sweet, irresistible, decadent,https://www.pinterest.com/pin/115334440459293925/,
Death By Chocolate Poke Cake,chocolate poke cake, gooey, whipped topping, potlucks, decadent dessert,https://www.pinterest.com/pin/115334440459293922/,
Chocolate Covered Cherry Brownie Bombs,chocolate, brownie, cherry, bombs, dessert, indulgent, party, gifting,https://www.pinterest.com/pin/115334440459291162/,
Creamy Vanilla Latte,lunar new year, vanilla latte, copycat, starbucks, warm drink, cozy mornings, festive celebrations, family,https://www.pinterest.com/pin/1039698263991525178/,https://www.recipesbycecilia.com/creamy-vanilla-latte-starbucks-copycat/
Low-Carb Crepes,low-carb, crepes, valentines day, breakfast, brunch, 3-ingredient, effortless, tasty, healthy,https://www.pinterest.com/pin/1039698263991556825/,https://www.recipesbycecilia.com/3-ingredient-low-carb-crepes/
Vanilla Cupcakes,valentine's day, cupcakes, vanilla, baking, celebration,https://www.pinterest.com/pin/1039698263991478209/,https://www.recipesbycecilia.com/sugar-cookies/
Classic Puppy Chow,valentines treats, puppy chow desserts, chocolate lovers, snacking, gifting,https://www.pinterest.com/pin/1039698263991476184/,https://www.recipesbycecilia.com/classic-puppy-chow-recipe/
Red Velvet Crinkle Cookies,red velvet, crinkle cookies, valentine's day, festive, baking, sweet treat, gifting, parties, cozy moments,https://www.pinterest.com/pin/1039698263991474845/,https://www.recipesbycecilia.com/red-velvet-crinkle-cookies/
Red Velvet Blossom Cookies,red velvet, blossom cookies, valentine's day, sweet treats, festive,https://www.pinterest.com/pin/1039698263991473421/,https://www.recipesbycecilia.com/red-velvet-blossom-cookies/
Black Cake,cake, black, rich, moist, irresistible, blueberries, raspberries,https://www.pinterest.com/pin/1039698263991234231/,https://www.recipesbycecilia.com/black-cake/
Caribbean Coconut Sugar Cake,vegan, gluten-free, coconut sugar, mlk jr. day, sweet treat,https://www.pinterest.com/pin/1039698263991232939/,https://www.recipesbycecilia.com/vegan-gluten-free-caribbean-coconut-sugar-cake-candy/
Flan de Queso,flan, queso, creamy, dessert, mlkdayeats, elegant,https://www.pinterest.com/pin/1039698263991229964/,https://www.recipesbycecilia.com/flan-de-queso/
Air Fryer Nutella Beignets,nutella, beignets, air fryer, mardi gras, delight,https://www.pinterest.com/pin/1039698263991226543/,https://www.recipesbycecilia.com/nutella-stuffed-beignets-in-air-fryer/
Coconut Sugar Caramelized Plantains,coconut sugar, caramelized, plantains, mlk jr. day,https://www.pinterest.com/pin/1039698263991231606/,https://www.recipesbycecilia.com/coconut-sugar-caramelized-plantains/
Chocolate Covered Strawberries,chocolate, strawberries, valentines day, romantic, desserts,https://www.pinterest.com/pin/1039698263991193992/,https://www.recipesbycecilia.com/chocolate-covered-strawberries-recipe/
Chocolate Bark Hearts,chocolate bark hearts, valentine's day treats, sweet desserts,https://www.pinterest.com/pin/1039698263991191325/,https://www.recipesbycecilia.com/chocolate-bark-hearts-for-valentines-day/
Romantic Vanilla Layer Cake,vanilla layer cake, valentine's day desserts, strawberry filling, romantic, delicious,https://www.pinterest.com/pin/1039698263991189776/,https://www.recipesbycecilia.com/romantic-vanilla-layer-cake-with-fresh-strawberry-filling/
Hot Chocolate with Whipped Cream & Sprinkles,valentines day drinks, hot chocolate, whipped cream, sprinkles, romantic beverages,https://www.pinterest.com/pin/1039698263991188235/,https://www.recipesbycecilia.com/romantic-hot-chocolate-drink/
Wine Gummy Bears,wine, gummy bears, valentines, candy, boozy treats, fun desserts,https://www.pinterest.com/pin/1039698263991105585/,https://www.recipesbycecilia.com/wine-gummy-bears-recipe/
Stranger Things Strawberry Upside Down Cake,strawberry, upside down cake, desserts,https://www.pinterest.com/pin/15129348745077740/,https://erictriesit.com/strawberry-upside-down-cake/
Lemon Supreme Pie,fluffy meringue, blueberries, pie, lemon, supreme,https://www.pinterest.com/pin/963348176561827615/,
Pumpkin Cheesecake with Caramel Drizzle,pumpkin, cheesecake, caramel, drizzle,https://www.pinterest.com/pin/963348176561796605/,
Coconut Cream Pie With Meringue Toasted Coconut,coconut, cream pie, meringue, toasted, dessert,https://www.pinterest.com/pin/963348176561792185/,
Vanilla Bean Frappuccino,starbucks, copycat, thick, creamy, caffeine-free, raspberry, rose swirl,https://www.pinterest.com/pin/963348176561451087/,
No-Bake Chocolate Peanut Butter Balls,peanut butter, chocolate, no-bake, buckeye candy, holiday,https://www.pinterest.com/pin/965951820092587498/,
Pistachio-Crusted Brie Bites with Honey and Rosemary Puff Pastry,pistachio-crusted, brie bites, honey, rosemary, puff pastry,https://www.pinterest.com/pin/883479651927730754/,https://cookingfee.com/pistachio-crusted-brie-bites/
White Chocolate Cranberry Fudge,white chocolate, cranberry, fudge, tasty,https://www.pinterest.com/pin/883479651927706208/,https://cookingfee.com/white-chocolate-cranberry-fudge/
Strawberry Banana Pudding,strawberry, banana, pudding, creamy, fresh fruit, layers,https://www.pinterest.com/pin/883479651927712408/,https://cookingfee.com/strawberry-banana-pudding-dream/
Boston Cream Pie Cookie Bites,mini, dessert, cookie, boston cream pie,https://www.pinterest.com/pin/1007047166696509376/,https://ninaeats.com/easy-boston-cream-pie-cookie-bites/
Sunshine Orange Muffins with Fresh Citrus Glaze,orange, muffins, fresh, citrus, glaze,https://www.pinterest.com/pin/1007047166696507770/,https://ninaeats.com/sunshine-orange-muffins/
Soft & Chewy Red Velvet White Chocolate Chip Cookies,red velvet, white chocolate, cookies, baking, valentine's day,https://www.pinterest.com/pin/1007047166696506483/,https://ninaeats.com/red-velvet-cookies/
Neapolitan Swirl Cookies,valentine's day, cookies, neapolitan, swirl, treats,https://www.pinterest.com/pin/1007047166696501262/,https://ninaeats.com/neapolitan-swirl-cookies/
Gordon Ramsay Molten Lava Cake,chocolate, molten lava cake, valentine, dessert, baking,https://www.pinterest.com/pin/1007047166696457985/,https://ninaeats.com/gordon-ramsay-molten-lava-cake-recipe/
Delightful Pink Popcorn,valentine's day, popcorn, pink, candy-coated, snack, dessert,https://www.pinterest.com/pin/1007047166696427159/,https://ninaeats.com/pink-popcorn/
Indulge Chocolate Caramel Cups,chocolate, caramel, cups, holiday, treats,https://www.pinterest.com/pin/1007047166696468135/,https://ninaeats.com/chocolate-caramel-cups/
Buckeye Brownie Bites,chocolate, peanut butter, brownies, buckeye, dessert, bite-sized, decadent, delicious,https://www.pinterest.com/pin/771100767492986638/,https://lilyrecipes.com/buckeye-brownie-bites/
Coffee Cake Banana Bread Muffins,banana, bread, muffins, coffee cake, streusel, breakfast, brunch, snack,https://www.pinterest.com/pin/771100767492986651/,https://lilyrecipes.com/coffee-cake-banana-bread-muffins/
Stuffed Red Velvet Cookies,red velvet, cookies, cream cheese, white chocolate, dessert,https://www.pinterest.com/pin/771100767492988023/,https://lilyrecipes.com/stuffed-red-velvet-cookies/
Strawberry Banana Bread,strawberrybananabread, krusteaz, pancake mix, quickbread, baking, breakfast, brunch, dessert, moist, flavorful,https://www.pinterest.com/pin/771100767492958032/,https://lilyrecipes.com/strawberry-banana-bread-recipe/
Tiramisu Brownie,tiramisu, brownie, espresso, mascarpone cream, chocolate, coffee, decadent, dessert, impressing guests,https://www.pinterest.com/pin/771100767492966035/,https://lilyrecipes.com/irresistible-tiramisu-brownies/
Strawberry Cookies,strawberry, cookies, soft, chewy, pink,https://www.pinterest.com/pin/926123110887789006/,https://foodnfoodie.com/strawberry-cookies/
Tasty Cinnamon Roll Overnight Oats Breakfast,cinnamon roll, overnight oats, breakfast,https://www.pinterest.com/pin/926123110887733378/,https://foodnfoodie.com/cinnamon-roll-overnight-oats/
Cozy Cinnamon Sweet Potato Breakfast Cookies,sweet potato, cinnamon, breakfast, cookies,https://www.pinterest.com/pin/926123110887749217/,https://foodnfoodie.com/cinnamon-sweet-potato-breakfast-cookies/
French Toast Sticks,cinnamon, vanilla, breakfast, sugar,https://www.pinterest.com/pin/933582197775252199/,https://www.stirupflavor.com/irrepressibly-easy-french-toast-sticks-for-breakfast-bliss/
Strawberry Crunch Cheesecake Tacos,strawberry, crunch, cheesecake, tacos, no bake,https://www.pinterest.com/pin/933582197775228945/,https://www.stirupflavor.com/irresistibly-easy-strawberry-crunch-cheesecake-tacos/
Raspberry Thumbprint Cookies,raspberry, thumbprint cookies, buttery, jam center, holidays,https://www.pinterest.com/pin/933582197775218233/,https://www.stirupflavor.com/indulgent-raspberry-thumbprint-cookies-youll-adore/
Frozen Chocolate Strawberry Yogurt Clusters,frozen dessert, chocolate strawberries, greek yogurt, easy snacks, summer,https://www.pinterest.com/pin/883409283172600668/,https://juliarecipe.com/chocolate-strawberry-yogurt-clusters-recipe/
Scotcharoo Popcorn,popcorn, scotcharoo, peanut butter, chocolate, butterscotch, snack, movie night, no bake,https://www.pinterest.com/pin/883409283172600667/,https://juliarecipe.com/scotcharoo-popcorn-recipe/
Strawberry Shortcake Rice Krispies Treats,strawberry, shortcake, rice krispies treats, no bake, summer treats,https://www.pinterest.com/pin/883409283172600666/,https://juliarecipe.com/strawberry-shortcake-rice-krispies-treats-recipe/
Creamy Strawberry Glazed Cheesecake,cheesecake, strawberry, glazed, dessert, graham cracker crust, summer,https://www.pinterest.com/pin/883409283172600665/,https://juliarecipe.com/strawberry-glazed-cheesecake-recipe/
Cranberry Jalapeno Cream Cheese Dip,cranberry, jalapeno, cream cheese, dip, crackers,https://www.pinterest.com/pin/883409283172522191/,https://juliarecipe.com/cranberry-jalapeno-cream-cheese-dip-recipe/
Pomegranate Mint Lime Spritzer,pomegranate, mint, lime, spritzer, refreshing, beverage, summer, mocktail,https://www.pinterest.com/pin/883409283172600406/,https://juliarecipe.com/italian-lemon-budino-recipe/
Chocolate Cherry Blossom Cookies,cherry, cookies, blossom, hershey's kiss, christmas, valentine's,https://www.pinterest.com/pin/18436679720225121/,https://xoxobella.com/easy-chocolate-cherry-blossom-cookies/
Cheez-It Crackers,cheez its, crackers, kids, toddler, snack, wholesome, nutritious, fast,https://www.pinterest.com/pin/981573681299057074/,https://iheartnapetime.com/2-ingredient-cheez-it-crackers/
Fudgy Brownies with Valentine Sprinkles,chocolate, brownies, valentine's day, fudgy, sprinkles,https://www.pinterest.com/pin/80361174596597284/,https://xoxobella.com/fudgey-chocolate-brownies-for-valentines-day/
Chocolate Chip Pudding Cookies,soft, chocolate chip, cookies, pudding, stacked, wooden board,https://www.pinterest.com/pin/80361174596593612/,https://xoxobella.com/chocolate-chip-pudding-cookies/
Croissant Cookies with Almond,croissant, cookies, almond, powdered sugar, bella bucchiotti,https://www.pinterest.com/pin/80361174596593458/,https://xoxobella.com/almond-croissant-cookies/
Mascarpone Stuffed Strawberries,strawberries, mascarpone, filling, creamy,https://www.pinterest.com/pin/80361174596593841/,https://xoxobella.com/marscapone-stuffed-strawberries/
Chocolate Raspberry Truffle Bites,chocolate, raspberry, truffles, bites,https://www.pinterest.com/pin/80361174596590173/,https://xoxobella.com/raspberry-truffles-recipe/
Pretty in Pink Recipes for Valentine’s Day,pink, valentine's day, desserts, drinks,https://www.pinterest.com/pin/80361174596587624/,
Valentine Strawberry Cream Rice Krispies,strawberry, cream, rice krispies, valentine, pink, white, sprinkles,https://www.pinterest.com/pin/80361174596586730/,https://xoxobella.com/valentine-strawberry-cream-rice-krispies/
Cinnamon Sugar Heart Shaped Donut Holes,donut holes, cinnamon sugar, heart shaped, strawberry dip,https://www.pinterest.com/pin/80361174596586010/,https://xoxobella.com/easy-heart-shaped-mini-sugar-donut-holes/
Valentine's S'mores Brownie Bites,brownie, truffles, marshmallows, chocolate, valentine's,https://www.pinterest.com/pin/80361174596583135/,https://xoxobella.com/easy-valentine-smores-brownie-bite-truffles/
Blueberry Cornbread Muffins,blueberry, cornbread, muffins, breakfast, snack, bake, sweet, hearty, juicy,https://www.pinterest.com/pin/80361174596579979/,http://xoxobella.com/blueberry-cornbread-muffins/
Twinkie Poke Cake,vanilla, creamy filling, make-ahead, dessert, nostalgic,https://www.pinterest.com/pin/80361174596579405/,https://xoxobella.com/twinkie-poke-cake/
Love Bug Cake Balls,cake balls, love bugs, valentine's day, candy coating, decorated bites,https://www.pinterest.com/pin/80361174596576255/,https://xoxobella.com/love-bug-cake-balls/
Sour Cream Pound Cake,tender crumb, buttery flavor, moist, fruit, coffee, reliable, newbie home bakers,https://www.pinterest.com/pin/80361174596575573/,https://xoxobella.com/sour-cream-pound-cake/
Valentine Chocolate Strawberry Dessert,valentine, chocolate, strawberry, dessert, sweet, snacks, drinks,https://www.pinterest.com/pin/80361174596610569/,
Martha Washington Candy,chocolate, coconut, candy, pieces,https://www.pinterest.com/pin/80361174596608934/,https://xoxobella.com/martha-washington-candy/
Double Chocolate Blueberry Banana Muffins,gluten-free, chocolate, banana, muffins, blueberries,https://www.pinterest.com/pin/80361174596608669/,https://xoxobella.com/healthy-gluten-free-double-chocolate-blueberry-banana-muffins/
Bisquick baking mix recipes,bisquick, baking mix, recipes,https://www.pinterest.com/pin/80361174596607772/,
Stained Glass Heart Cookies,valentine, cookies, candy, heart, stained glass,https://www.pinterest.com/pin/80361174596607543/,https://xoxobella.com/stained-glass-valentine-heart-cookies/
No Bake Cannoli Pie with Pistachios,cannoli, pie, no bake, pistachios, creamy filling,https://www.pinterest.com/pin/80361174596608399/,https://xoxobella.com/cannoli-pie/
Cinnamon Roll Sugar Cookies,cinnamon roll, sugar cookies, holiday dessert, rolled,https://www.pinterest.com/pin/80361174596607901/,https://xoxobella.com/cinnamon-roll-sugar-cookies/
Banana Pudding Poke Cake,banana, poke cake, pudding, filling, dessert,https://www.pinterest.com/pin/80361174596608078/,https://xoxobella.com/banana-pudding-poke-cake/
Chocolate Oreo Cupcakes,chocolate, oreo, cupcakes, frosting, cookie,https://www.pinterest.com/pin/80361174596605009/,https://xoxobella.com/oreo-cupcakes/
Assorted Chocolate Based Desserts,chocolate, desserts, assorted, based,https://www.pinterest.com/pin/80361174596605394/,
Sliced Cherry Bread with Rosy Pink Glaze,cherry bread, sliced, rosy pink glaze,https://www.pinterest.com/pin/80361174596604686/,https://xoxobella.com/cherry-bread/
Strawberry Kiss Cookies,strawberry, kiss, cookies, pink, chocolate,https://www.pinterest.com/pin/80361174596604624/,https://xoxobella.com/strawberry-kiss-cookies/
Oreo Cupcakes,chocolate, cupcakes, oreo, frosting, cookies,https://www.pinterest.com/pin/80361174596597963/,https://xoxobella.com/oreo-cupcakes/
