Recipe Name,Pinterest URL,Recipe URL
Chicken and Rice Dog Comfort Meal,,
Salmon and Sweet Potato Dog Bowl,,
Turkey and Pumpkin Dog Dinner,,
Beef and Carrot Dog Power Meal,,
Chicken and Quinoa Healthy Dog Bowl,,
Peanut Butter Banana Dog Biscuits,,
Pumpkin Oat Dog Treats,,
Apple Carrot Dog Cookies,,
Sweet Potato Chewy Dog Treats,,
Chicken Liver Training Treat Cubes,,
Blueberry Yogurt Frozen Dog Bites,,
Strawberry Banana Frozen Pup Pops,,
Watermelon Coconut Frozen Dog Cubes,,
Frozen Peanut Butter Banana Dog Treats,,
Frozen Pumpkin Yogurt Dog Bites,,
Tuna and Rice Homemade Dog Meal,,
Turkey and Brown Rice Dog Food,,
Carrot Oat Crunch Dog Biscuits,,
Pumpkin Peanut Butter Dog Cookies,,
Frozen Apple Yogurt Dog Treats,,
